{"branches": 62.76923076923077, "coverage": 77.74587625964082}