{"branches": 63.537906137184116, "coverage": 78.634001484781}