{"branches": 62.09424083769633, "coverage": 77.02387056343645}