{"branches": 62.523900573613766, "coverage": 77.65366058317599}