{"branches": 53.87673956262425, "coverage": 71.74689573056642}