{"branches": 62.40208877284596, "coverage": 78.16163452796785}