{"branches": 53.49301397205589, "coverage": 71.5857273141815}