{"branches": 62.42578456318915, "coverage": 77.91865013903944}