{"branches": 53.59281437125748, "coverage": 71.60339233877852}