{"branches": 62.42578456318915, "coverage": 77.93701678295305}