{"branches": 62.016201620162015, "coverage": 77.94972893050765}