{"branches": 53.59281437125748, "coverage": 71.62922945692351}