{"branches": 62.46741963509991, "coverage": 78.16685801760428}