{"branches": 62.59541984732825, "coverage": 77.69810530723333}