{"branches": 54.59081836327345, "coverage": 71.92292343652015}